contractor_id,contractor_name,rating,contact_email,contact_phone
CON-001,Fictional Builders 1 LLC,4.1,contact@fictionalbuilders1.demo,555-0101
CON-002,Fictional Builders 2 LLC,4.6,contact@fictionalbuilders2.demo,555-0102
CON-003,Fictional Builders 3 LLC,5.0,contact@fictionalbuilders3.demo,555-0103
CON-004,Fictional Builders 4 LLC,3.9,contact@fictionalbuilders4.demo,555-0104
CON-005,Fictional Builders 5 LLC,4.4,contact@fictionalbuilders5.demo,555-0105
CON-006,Fictional Builders 6 LLC,4.7,contact@fictionalbuilders6.demo,555-0106
CON-007,Fictional Builders 7 LLC,3.6,contact@fictionalbuilders7.demo,555-0107
CON-008,Fictional Builders 8 LLC,4.4,contact@fictionalbuilders8.demo,555-0108
CON-009,Fictional Builders 9 LLC,3.7,contact@fictionalbuilders9.demo,555-0109
