contract_id,tender_reference,title,start_date,end_date,contract_value,contractor_id
CNT-001,TN-2026-001,Maintenance of Synthetic Road 1,2026-01-01,2026-12-31,51000,CON-002
CNT-002,TN-2026-002,Maintenance of Synthetic Road 2,2026-01-01,2026-12-31,52000,CON-003
CNT-003,TN-2026-003,Maintenance of Synthetic Road 3,2026-01-01,2026-12-31,53000,CON-004
CNT-004,TN-2026-004,Maintenance of Synthetic Road 4,2026-01-01,2026-12-31,54000,CON-005
CNT-005,TN-2026-005,Maintenance of Synthetic Road 5,2026-01-01,2026-12-31,55000,CON-006
CNT-006,TN-2026-006,Maintenance of Synthetic Road 6,2026-01-01,2026-12-31,56000,CON-007
CNT-007,TN-2026-007,Maintenance of Synthetic Road 7,2026-01-01,2026-12-31,57000,CON-008
CNT-008,TN-2026-008,Maintenance of Synthetic Road 8,2026-01-01,2026-12-31,58000,CON-009
CNT-009,TN-2026-009,Maintenance of Synthetic Road 9,2026-01-01,2026-12-31,59000,CON-001
CNT-010,TN-2026-010,Maintenance of Synthetic Road 10,2026-01-01,2026-12-31,60000,CON-002
CNT-011,TN-2026-011,Maintenance of Synthetic Road 11,2026-01-01,2026-12-31,61000,CON-003
CNT-012,TN-2026-012,Maintenance of Synthetic Road 12,2026-01-01,2026-12-31,62000,CON-004
