officer_id,officer_name,department,role,jurisdiction
OFF-001,Jane Doe 1,Department of Synthetic Works,Chief Inspector,North District
OFF-002,Jane Doe 2,Department of Synthetic Works,Chief Inspector,North District
OFF-003,Jane Doe 3,Department of Synthetic Works,Chief Inspector,North District
OFF-004,Jane Doe 4,Department of Synthetic Works,Chief Inspector,North District
OFF-005,Jane Doe 5,Department of Synthetic Works,Chief Inspector,North District
OFF-006,Jane Doe 6,Department of Synthetic Works,Chief Inspector,North District
OFF-007,Jane Doe 7,Department of Synthetic Works,Chief Inspector,North District
OFF-008,Jane Doe 8,Department of Synthetic Works,Chief Inspector,North District
OFF-009,Jane Doe 9,Department of Synthetic Works,Chief Inspector,North District
